Employee_ID,Department,Age,Experience_Years,Salary_PKR,Work_Life_Balance,Manager_Support,Promotion_Last_2Y,Satisfaction_Rating
1,Admin,29,1,112097.0,2,2.0,Yes,1
2,Admin,28,7,62790.0,5,4.0,Yes,4
3,IT,27,6,100990.0,5,5.0,Yes,5
4,Engineering,34,13,149974.0,2,4.0,No,3
5,,22,1,150785.0,3,3.0,Yes,4
6,HR,15,6,64312.0,4,1.0,No,1
7,Procurement,44,16,51390.0,4,5.0,Yes,4
8,Operations,27,6,116854.0,5,3.0,Yes,4
9,Admin,26,2,99742.0,3,1.0,Yes,2
10,Procurement,28,7,112869.0,4,3.0,Yes,4
11,Finance,44,13,109986.0,1,5.0,Yes,3
12,Engineering,37,10,161178.0,4,3.0,Yes,5
13,Admin,42,3,100043.0,1,,No,1
14, HR ,26,5,122490.0,2,4.0,No,3
15,Admin,51,9,109436.0,2,2.0,No,1
16,Admin,49,25,134895.0,2,2.0,No,1
17,IT,25,4,80066.0,2,4.0,Yes,3
18,Operations,46,25,178704.0,3,5.0,Yes,5
19,Admin,29,8,109946.0,3,1.0,No,1
20,Operations,32,11,40850.0,3,5.0,Yes,3
21,Engineering,28,7,173080.0,5,2.0,Yes,4
22,Finance,32,11,179029.0,1,5.0,No,3
23,Operations,23,2,135153.0,3,2.0,Yes,3
24,HR,58,5,62453.0,4,,Yes,2
25,HR,52,31,83287.0,3,5.0,No,3
26,,56,12,,4,3.0,No,4
27,Engineering,50,7,104986.0,2,1.0,No,1
28,IT,57,14,97728.0,1,1.0,Yes,1
29,HR,26,2,126619.0,1,5.0,Yes,4
30,Finance,53,13,74684.0,5,5.0,No,4
31,HR,52,26,89914.0,1,1.0,No,1
32,Finance,49,26,162427.0,1,1.0,Yes,2
33,Operations,43,6,105183.0,2,2.0,No,1
34,HR,49,11,113018.0,4,2.0,Yes,3
35,Operations,57,6,53261.0,5,1.0,Yes,2
36,Procurement,37,10,146539.0,4,4.0,Yes,5
37,Procurement,47,3,83158.0,4,1.0,No,2
38,Finance,51,18,150888.0,5,4.0,Yes,5
39,HR,40,13,55331.0,5,5.0,Yes,4
40,Admin,42,3,53144.0,5,4.0,Yes,4
41,IT,54,5,88712.0,1,5.0,Yes,3
42,Admin,37,16,,5,2.0,Yes,3
43,Engineering,27,6,177044.0,3,3.0,Yes,4
44,Admin,42,15,109629.0,4,2.0,No,2
45,Operations,42,4,42441.0,4,5.0,Yes,4
46,IT,56,13,172614.0,3,2.0,No,2
47,IT,37,16,114707.0,2,4.0,No,2
48,Engineering,55,0,118480.0,1,2.0,No,1
49,IT,28,7,80749.0,3,3.0,Yes,3
50,Admin,43,13,109201.0,5,4.0,No,4
51,Procurement,25,4,151037.0,3,1.0,Yes,3
52,Finance,30,9,82357.0,4,5.0,No,4
53,Engineering,22,1,59724.0,2,5.0,Yes,2
54,Procurement,45,24,78821.0,4,2.0,Yes,3
55,Finance,15,2,133797.0,2,2.0,Yes,2
56,Finance,57,26,80515.0,2,2.0,Yes,1
57,Operations,23,2,,4,2.0,No,3
58,HR,28,7,50151.0,4,,Yes,2
59,Procurement,51,22,-5000.0,2,2.0,Yes,2
60,Admin,34,13,126051.0,3,1.0,No,2
61,Finance,54,25,126808.0,1,1.0,No,1
62,HR,38,2,68417.0,5,4.0,No,3
63,Admin,42,21,174066.0,1,4.0,Yes,4
64,Finance,24,3,40443.0,5,5.0,Yes,4
65,Finance,49,4,126559.0,5,3.0,Yes,5
66,Admin,41,20,121077.0,4,3.0,No,4
67,Admin,40,19,73367.0,2,4.0,No,2
68,Admin,33,12,146450.0,5,1.0,No,3
69,Finance,35,14,124475.0,4,4.0,No,5
70,Admin,35,14,164042.0,2,1.0,No,1
71,Engineering,43,5,101569.0,3,2.0,Yes,2
72,HR,23,2,104184.0,4,5.0,Yes,5
73,Operations,48,12,140657.0,4,4.0,Yes,5
74,HR,22,1,151449.0,2,2.0,No,1
75,IT,57,15,71813.0,4,2.0,No,2
76,Admin,55,34,123177.0,4,5.0,No,5
77,Procurement,57,28,81722.0,4,4.0,No,4
78,Procurement,37,16,176655.0,4,2.0,No,3
79,Operations,26,5,101471.0,3,3.0,No,2
80,Engineering,27,6,79539.0,2,4.0,Yes,3
81,Admin,35,4,148755.0,4,3.0,No,4
82,Operations,25,4,150138.0,4,5.0,Yes,5
83,Procurement,58,24,165037.0,1,3.0,No,2
84,Procurement,46,25,97812.0,4,2.0,No,2
85,Operations,53,1,141936.0,3,4.0,Yes,5
86,Procurement,51,8,47069.0,4,,Yes,4
87,IT,15,8,161031.0,2,1.0,No,1
88,Operations,42,13,159196.0,3,3.0,No,3
89,Finance,48,16,61471.0,4,1.0,Yes,2
90,Finance,36,4,50553.0,1,,Yes,1
91,Procurement,23,2,102533.0,2,4.0,Yes,3
92,Engineering,35,14,107172.0,3,2.0,Yes,2
93,Procurement,32,11,68337.0,5,1.0,No,1
94,Engineering,46,25,91990.0,1,5.0,Yes,3
95,IT,41,7,,3,5.0,No,2
96,Admin,45,4,172634.0,3,1.0,No,2
97,Procurement,53,6,153645.0,3,4.0,Yes,5
98,Operations,33,12,110800.0,5,5.0,No,4
99,Operations,49,17,124490.0,2,1.0,No,1
100,Operations,37,16,139349.0,3,1.0,No,2
101,Procurement,42,11,167808.0,2,3.0,No,2
102,Finance,39,17,42661.0,5,2.0,Yes,2
103,HR,48,27,102999.0,4,4.0,No,4
104,Procurement,23,2,117132.0,2,4.0,Yes,3
105,Finance,45,24,179177.0,3,4.0,No,4
106,Finance,51,17,120379.0,3,2.0,Yes,3
107,Admin,34,13,71340.0,5,2.0,Yes,3
108,HR,52,17,177530.0,5,3.0,Yes,5
109,Procurement,34,13,99633.0,3,2.0,No,1
110,IT,56,8,111909.0,1,1.0,No,1
111,Admin,30,9,66892.0,1,5.0,No,1
112,Operations,52,28,129314.0,2,1.0,No,1
113,Procurement,52,7,57129.0,4,4.0,Yes,4
114,Engineering,25,4,79111.0,5,3.0,Yes,4
115,HR,29,8,149097.0,5,5.0,Yes,5
116,Procurement,55,24,,4,3.0,No,4
117,Finance,58,3,66013.0,2,2.0,No,1
118,Admin,27,6,102879.0,2,5.0,Yes,3
119,HR,22,1,158096.0,5,4.0,No,5
120,IT,36,15,,4,1.0,Yes,3
121,Finance,34,13,70087.0,5,2.0,Yes,3
122,Finance,31,4,55633.0,2,3.0,No,1
123,Operations,29,8,119715.0,4,3.0,No,3
124,Operations,27,2,153253.0,3,5.0,No,4
125,,27,6,45438.0,3,5.0,Yes,3
126,Procurement,33,12,176043.0,4,3.0,Yes,5
127,Engineering,49,28,63918.0,4,3.0,No,2
128,Finance,42,6,82159.0,3,4.0,No,3
129,Finance,47,26,49619.0,4,1.0,No,1
130,Finance,42,7,145952.0,5,1.0,No,3
131,Operations,25,4,175905.0,3,5.0,No,4
132,Admin,50,3,93361.0,3,5.0,Yes,4
133,Finance,50,29,71831.0,1,5.0,Yes,3
134,Admin,32,11,43584.0,5,4.0,Yes,4
135,HR,29,8,70793.0,2,4.0,No,2
136, HR ,39,18,166484.0,4,2.0,No,3
137,Engineering,31,10,89967.0,5,5.0,Yes,5
138,Procurement,26,5,148774.0,3,5.0,No,4
139,Procurement,22,1,118264.0,5,5.0,No,4
140,Procurement,31,10,166967.0,3,3.0,No,3
141,Operations,42,12,102601.0,5,4.0,Yes,5
142,Procurement,48,2,123408.0,4,4.0,No,5
143,Admin,31,10,,2,5.0,No,1
144,Procurement,28,7,66138.0,5,4.0,Yes,4
145,Admin,31,10,80464.0,1,4.0,No,2
146,Finance,47,5,126131.0,5,4.0,No,5
147,Admin,53,32,49410.0,5,1.0,Yes,2
148,Admin,40,14,63692.0,4,1.0,Yes,2
149,,32,11,47588.0,1,3.0,Yes,1
150,Finance,44,23,152901.0,2,2.0,No,1
151,Engineering,33,10,,1,5.0,No,2
152,,37,16,77517.0,2,,No,2
153,Operations,38,0,161963.0,3,5.0,Yes,5
154,IT,50,22,118421.0,4,3.0,No,3
155,Procurement,41,12,140845.0,4,1.0,Yes,4
156,Operations,58,22,117561.0,3,1.0,No,1
157,Finance,22,1,170214.0,3,2.0,No,2
158,HR,34,13,75855.0,1,1.0,No,1
159,Procurement,50,2,135646.0,2,1.0,No,1
160,,48,11,92637.0,2,5.0,No,2
161,Engineering,54,17,83134.0,3,4.0,No,3
162,Admin,43,7,162770.0,1,2.0,Yes,2
163,Procurement,47,26,135885.0,1,4.0,Yes,4
164,Finance,56,7,159219.0,3,3.0,No,3
165,Procurement,45,6,101295.0,4,1.0,No,2
166,Engineering,36,4,161704.0,3,4.0,Yes,5
167,,24,2,119787.0,4,1.0,Yes,3
168,HR,56,8,141881.0,4,3.0,No,4
169,Engineering,31,10,65957.0,4,5.0,No,3
170,Finance,24,3,96955.0,4,4.0,Yes,5
171,Procurement,45,6,136294.0,5,3.0,Yes,5
172,Operations,39,12,72023.0,4,1.0,Yes,3
173,Admin,23,2,127427.0,2,2.0,Yes,2
174,IT,57,13,96610.0,2,3.0,Yes,2
175,Procurement,22,1,77929.0,2,5.0,No,2
176,Procurement,33,7,46758.0,2,1.0,No,1
177, HR ,37,16,44136.0,2,3.0,Yes,1
178,HR,48,27,69792.0,1,4.0,No,1
179,Procurement,45,24,68587.0,4,5.0,Yes,4
180,human resources,24,3,119070.0,4,1.0,Yes,3
181,Operations,47,26,68301.0,4,4.0,Yes,4
182, HR ,42,9,57218.0,2,3.0,No,1
183,Operations,55,18,158938.0,5,5.0,No,5
184,IT,29,8,96367.0,4,4.0,Yes,5
185,Operations,43,22,144524.0,4,1.0,No,3
186,Operations,42,16,138120.0,2,4.0,Yes,4
187,IT,27,5,153213.0,1,3.0,Yes,3
188,Engineering,25,4,126414.0,1,4.0,No,3
189,Procurement,49,3,115400.0,5,3.0,No,3
190,IT,58,32,95768.0,2,4.0,Yes,3
191,Procurement,28,7,136353.0,1,3.0,Yes,3
192,Procurement,49,28,46882.0,5,3.0,Yes,3
193,HR,39,18,129082.0,3,1.0,Yes,3
194,Procurement,31,10,58241.0,2,1.0,Yes,1
195,Admin,55,13,138617.0,4,4.0,No,5
196,HR,45,19,125035.0,5,5.0,Yes,5
197,IT,31,10,53044.0,1,3.0,No,1
198,Admin,49,28,155879.0,4,3.0,Yes,5
199,Procurement,54,7,130484.0,4,1.0,No,3
200,Admin,53,32,,1,,No,1
201,Engineering,25,0,93588.0,3,,Yes,2
202,Procurement,38,17,126015.0,1,1.0,No,1
203,Admin,49,11,73865.0,4,5.0,Yes,5
204,Engineering,57,22,58894.0,4,1.0,No,1
205,IT,51,4,122066.0,5,4.0,No,5
206,Admin,48,18,70192.0,4,1.0,No,2
207,HR,51,23,63102.0,4,1.0,Yes,2
208,Operations,47,26,60616.0,4,3.0,No,2
209,HR,43,10,60022.0,5,1.0,Yes,2
210,Procurement,44,22,78716.0,2,1.0,Yes,1
211,Finance,34,11,80073.0,1,2.0,No,1
212,Operations,58,28,124727.0,3,2.0,No,2
213,IT,52,28,119382.0,3,5.0,Yes,4
214,Finance,54,4,121371.0,4,4.0,Yes,5
215,IT,45,18,60114.0,1,5.0,No,1
216,Operations,57,2,157894.0,5,2.0,No,3
217,Engineering,52,31,79547.0,1,4.0,Yes,3
218,Procurement,43,5,172264.0,2,1.0,Yes,2
219,Admin,50,28,177381.0,5,5.0,Yes,5
220,Finance,45,18,141558.0,4,3.0,Yes,5
221,Procurement,43,4,126426.0,1,5.0,No,3
222,Finance,38,9,127388.0,1,5.0,Yes,4
223,Finance,41,20,73803.0,5,1.0,No,2
224,Engineering,46,21,73500.0,5,1.0,No,2
225,Engineering,45,1,135052.0,3,2.0,Yes,3
226,Finance,53,12,,2,2.0,Yes,1
227,Finance,28,7,178027.0,1,3.0,Yes,3
228,Engineering,46,9,,2,5.0,Yes,3
229,Admin,50,2,147704.0,3,2.0,No,2
230,Engineering,40,19,101342.0,5,2.0,No,2
231,Procurement,52,12,136427.0,5,4.0,No,5
232,Procurement,40,19,171833.0,5,4.0,Yes,5
233,Procurement,34,8,105536.0,1,4.0,No,2
234,Engineering,28,7,72683.0,3,1.0,Yes,2
235,Finance,50,29,78626.0,4,1.0,Yes,3
236,Procurement,50,22,46991.0,4,1.0,No,1
237,Engineering,45,15,141231.0,1,3.0,Yes,3
238,IT,42,6,127894.0,2,2.0,Yes,2
239,Finance,52,8,162974.0,4,5.0,Yes,5
240,IT,23,2,96532.0,2,5.0,No,2
241,IT,40,15,118944.0,1,1.0,Yes,1
242,Operations,51,4,69060.0,4,5.0,Yes,4
243,Admin,54,15,77637.0,3,4.0,Yes,4
244,Engineering,44,15,149200.0,2,1.0,No,1
245,IT,55,34,-5000.0,5,5.0,Yes,5
246,Operations,52,2,141418.0,3,3.0,Yes,4
247,Finance,26,5,103209.0,1,5.0,No,2
248,HR,24,3,128748.0,2,4.0,No,3
249,Admin,33,8,56541.0,4,1.0,No,1
250,HR,24,3,50985.0,3,3.0,No,1
251,Procurement,56,30,106404.0,1,2.0,No,1
252,Finance,25,4,111622.0,1,3.0,No,1
253,Operations,50,24,128876.0,2,4.0,No,3
254,Finance,55,17,61656.0,4,1.0,No,1
255,Engineering,33,12,-5000.0,3,1.0,Yes,2
256,Finance,40,19,156894.0,5,4.0,Yes,5
257,Admin,50,22,157212.0,1,3.0,No,2
258,Finance,25,4,146485.0,3,5.0,Yes,5
259,IT,31,10,49122.0,2,1.0,Yes,1
260,Procurement,45,23,140362.0,5,1.0,Yes,4
261,Admin,50,23,137521.0,4,1.0,Yes,4
262,Engineering,45,24,122414.0,3,2.0,Yes,3
263,IT,33,12,175723.0,4,5.0,Yes,5
264,Finance,38,17,96248.0,5,3.0,No,3
265,HR,29,8,59412.0,4,2.0,No,1
266,IT,42,21,57023.0,5,5.0,No,3
267,Finance,32,11,134763.0,5,2.0,Yes,4
268,HR,30,9,169504.0,1,3.0,No,2
269,Operations,57,8,62600.0,1,3.0,No,1
270,Admin,52,31,147687.0,4,5.0,Yes,5
271,HR,42,4,157958.0,4,5.0,No,5
272,HR,57,11,73825.0,4,5.0,Yes,5
273,Procurement,29,8,80112.0,3,2.0,Yes,2
274,Finance,36,15,176025.0,3,1.0,No,2
275,HR,57,17,72812.0,3,5.0,Yes,4
276,Engineering,32,9,84879.0,5,5.0,No,4
277,Procurement,58,2,47437.0,1,1.0,No,1
278,Admin,35,14,47939.0,4,5.0,No,3
279,Admin,41,20,104193.0,4,3.0,No,3
280,IT,25,4,155239.0,4,4.0,No,5
281, it ,43,9,121941.0,3,3.0,No,3
282,HR,45,24,67835.0,3,2.0,No,1
283,IT,39,18,104990.0,2,1.0,Yes,1
284,Finance,46,25,105082.0,2,3.0,No,1
285,HR,32,11,174932.0,4,,No,5
286,human resources,23,2,143086.0,5,4.0,Yes,5
287,HR,44,3,53248.0,3,4.0,No,2
288,Finance,56,0,68179.0,4,2.0,No,1
289,Admin,45,24,135928.0,1,4.0,Yes,4
290,Engineering,57,12,135033.0,5,3.0,Yes,5
291,Operations,54,28,113327.0,5,5.0,Yes,5
292,HR,28,7,137831.0,3,,No,4
293,Procurement,31,10,173463.0,4,5.0,Yes,5
294,IT,24,3,127304.0,4,5.0,No,5
295, HR ,54,8,125974.0,5,3.0,Yes,5
296,Operations,41,20,172989.0,5,5.0,No,5
297,,58,19,164490.0,1,3.0,No,2
298,Admin,29,8,120655.0,1,5.0,No,3
299,Finance,58,14,53462.0,5,4.0,Yes,4
300,Engineering,46,9,103490.0,1,5.0,Yes,3
301,HR,23,2,122232.0,4,2.0,No,3
302,Admin,35,14,171548.0,5,4.0,Yes,5
303,,30,9,94353.0,5,3.0,No,3
304,Engineering,46,20,85398.0,4,5.0,No,4
305,Engineering,44,16,166924.0,2,2.0,No,1
306,Engineering,41,14,118017.0,3,2.0,No,1
307,Finance,52,22,111685.0,3,1.0,No,1
308,Operations,44,9,116140.0,1,3.0,Yes,2
309,,50,16,165587.0,2,2.0,No,1
310,Engineering,39,8,68633.0,5,5.0,Yes,4
311,HR,25,4,99158.0,2,1.0,Yes,1
312,Operations,43,22,66357.0,2,1.0,Yes,1
313,Operations,52,30,92286.0,3,3.0,No,2
314,Admin,25,4,100875.0,5,1.0,Yes,3
315,Operations,33,2,144069.0,4,2.0,No,3
316,IT,15,1,,3,,No,1
317,Admin,56,33,169476.0,2,5.0,No,3
318,Finance,34,7,126686.0,2,4.0,No,3
319,Admin,33,0,128371.0,3,5.0,Yes,5
320,HR,47,26,175077.0,3,1.0,No,2
321,Admin,28,7,76860.0,4,3.0,Yes,4
322,IT,38,17,101740.0,4,3.0,No,3
323,Finance,58,0,108564.0,3,2.0,Yes,2
324,Admin,29,8,120427.0,2,4.0,No,3
325,,29,8,136349.0,5,2.0,Yes,4
326,HR,52,9,159269.0,5,,No,4
327,Admin,57,30,97255.0,2,5.0,Yes,3
328,,50,29,134839.0,1,5.0,Yes,4
329,IT,57,32,92994.0,5,5.0,Yes,5
330,HR,42,21,155825.0,1,2.0,No,1
331,IT,54,28,54584.0,4,2.0,No,1
332,Operations,58,3,161209.0,3,1.0,No,2
333,Finance,22,1,59144.0,1,4.0,No,1
334,Admin,26,5,55795.0,1,4.0,Yes,2
335,Finance,48,11,,4,3.0,No,3
336,human resources,46,24,61037.0,5,2.0,No,1
337,IT,33,12,143037.0,5,2.0,Yes,4
338,Procurement,22,1,118214.0,4,5.0,No,4
339,Engineering,46,14,104883.0,4,3.0,Yes,4
340,,34,7,48445.0,4,5.0,Yes,4
341,HR,35,4,66449.0,5,1.0,No,1
342,Engineering,25,4,51596.0,4,4.0,Yes,4
343,Engineering,35,3,76735.0,5,3.0,Yes,4
344,Procurement,58,20,124060.0,2,3.0,Yes,3
345,Admin,55,14,148412.0,3,3.0,Yes,4
346,Engineering,33,12,169924.0,1,3.0,No,2
347,Procurement,55,20,,4,2.0,No,3
348,Operations,33,12,164130.0,2,2.0,No,1
349,Procurement,31,10,55105.0,5,4.0,No,3
350,Engineering,55,8,141821.0,2,3.0,Yes,3
351,Finance,27,6,137275.0,1,5.0,Yes,4
352,IT,39,18,50367.0,1,2.0,Yes,1
353,,35,14,119478.0,1,2.0,Yes,1
354,Admin,29,8,103594.0,5,,No,2
355,HR,57,20,114202.0,4,4.0,No,4
356,Finance,38,17,174431.0,4,4.0,Yes,5
357,Procurement,52,20,93248.0,3,3.0,No,2
358,IT,58,14,78252.0,1,3.0,No,1
359, it ,31,10,126472.0,2,4.0,Yes,4
360,Operations,57,21,107456.0,4,,No,4
361,HR,44,10,76689.0,5,4.0,Yes,5
362,Engineering,25,4,48866.0,1,1.0,Yes,1
363,Operations,30,9,57817.0,2,1.0,Yes,1
364,Engineering,51,23,55846.0,5,5.0,No,3
365,Admin,53,1,41733.0,5,5.0,No,3
366,IT,23,2,,5,3.0,Yes,4
367,Engineering,49,11,68053.0,1,5.0,Yes,2
368,HR,34,13,-5000.0,3,3.0,No,2
369,IT,45,24,160323.0,5,2.0,Yes,4
370,Finance,27,2,64510.0,4,,No,3
371,Engineering,52,3,42477.0,2,1.0,No,1
372,Procurement,49,21,64998.0,5,1.0,Yes,2
373,HR,58,30,111065.0,1,1.0,No,1
374,Engineering,58,2,87016.0,3,1.0,Yes,2
375,Engineering,31,10,60168.0,3,2.0,Yes,1
376,Engineering,46,25,126960.0,4,2.0,Yes,4
377,Engineering,44,3,65607.0,4,2.0,Yes,2
378,Finance,47,20,47766.0,3,4.0,No,2
379,HR,44,23,138415.0,4,,No,3
380,IT,40,15,59269.0,1,3.0,Yes,1
381, it ,31,10,123015.0,3,1.0,Yes,3
382,,41,20,134350.0,3,,Yes,3
383,IT,33,12,157661.0,5,5.0,No,5
384,IT,23,2,132776.0,5,1.0,No,3
385,Procurement,46,0,116506.0,4,4.0,Yes,5
386,Admin,57,15,176604.0,2,4.0,Yes,4
387,HR,39,18,110361.0,4,2.0,Yes,3
388,HR,49,17,150389.0,3,4.0,Yes,5
389,Finance,38,15,169971.0,5,5.0,Yes,5
390,Operations,28,7,119864.0,1,4.0,No,2
391,Procurement,46,21,155401.0,3,4.0,Yes,5
392,Finance,42,12,165569.0,3,2.0,No,2
393,Finance,40,19,103550.0,3,4.0,No,3
394,Procurement,47,23,69855.0,5,2.0,Yes,2
395,Admin,57,1,161011.0,2,4.0,No,3
396,Procurement,26,5,170889.0,2,,Yes,3
397,Finance,31,10,138825.0,1,4.0,No,3
398,Engineering,47,26,172805.0,4,5.0,Yes,5
399,Procurement,45,24,62277.0,1,2.0,No,1
400,HR,24,3,126926.0,4,1.0,Yes,4
401,IT,38,14,173870.0,5,5.0,Yes,5
402,Operations,45,24,161389.0,5,5.0,Yes,5
403,Finance,23,2,67406.0,3,4.0,Yes,3
404,IT,31,10,121760.0,3,,Yes,5
405,Engineering,52,22,164823.0,1,4.0,No,3
406,Finance,26,5,51713.0,1,1.0,No,1
407,Admin,28,7,103940.0,5,2.0,Yes,3
408,Finance,57,27,161124.0,2,,Yes,4
409, it ,49,25,47652.0,5,2.0,No,1
410,Engineering,49,24,41166.0,2,2.0,No,1
411,Procurement,26,5,89010.0,3,3.0,Yes,3
412,Operations,29,8,,5,3.0,No,4
413,Engineering,47,7,131206.0,3,4.0,Yes,5
414,Procurement,41,5,75113.0,3,1.0,Yes,2
415,,29,8,137859.0,2,5.0,No,3
416,Operations,30,9,150897.0,2,4.0,Yes,4
417,Engineering,32,11,115716.0,2,2.0,No,1
418,Procurement,50,3,134119.0,1,4.0,Yes,4
419,HR,46,25,172497.0,4,4.0,No,5
420,Operations,50,29,83844.0,1,5.0,Yes,3
421,Procurement,36,15,48570.0,3,2.0,No,1
422,HR,51,30,173904.0,1,5.0,Yes,4
423,Finance,56,23,50907.0,4,5.0,Yes,4
424,Operations,28,7,118042.0,1,4.0,No,2
425,Finance,27,6,70772.0,2,2.0,No,1
426, HR ,49,10,76499.0,2,2.0,Yes,1
427,Engineering,44,23,113684.0,5,5.0,Yes,5
428,Finance,40,18,110082.0,5,1.0,Yes,3
429,Procurement,48,3,112698.0,2,2.0,Yes,1
430,HR,42,15,142944.0,4,2.0,No,3
431,Admin,48,24,158486.0,1,1.0,No,1
432,Engineering,39,18,159195.0,4,3.0,Yes,5
433,Procurement,27,6,133905.0,1,5.0,No,3
434,HR,49,13,169686.0,3,3.0,No,3
435,Finance,57,8,167228.0,3,1.0,Yes,3
436,IT,51,1,72568.0,2,4.0,No,2
437,IT,49,12,74580.0,3,2.0,No,1
438,IT,45,16,61606.0,3,,Yes,1
439,Operations,41,14,152520.0,1,1.0,Yes,2
440,HR,52,4,74786.0,5,2.0,No,2
441,IT,22,1,71612.0,4,2.0,No,2
442,human resources,36,15,63417.0,1,1.0,No,1
443,Finance,41,8,140328.0,2,2.0,Yes,2
444,Engineering,58,0,83022.0,4,3.0,Yes,4
445,Admin,31,10,155968.0,2,1.0,Yes,2
446,HR,29,8,132152.0,4,3.0,Yes,5
447,HR,39,5,105055.0,5,5.0,No,4
448,Procurement,23,2,93856.0,5,5.0,Yes,5
449,Admin,47,18,54304.0,2,4.0,No,1
450,IT,37,16,58615.0,5,1.0,No,1
451,Finance,30,9,150326.0,3,5.0,Yes,5
452,Procurement,52,4,44375.0,5,1.0,Yes,2
453,Finance,35,2,,4,5.0,No,3
454,Admin,54,26,151037.0,4,1.0,Yes,4
455,Finance,27,6,60715.0,5,2.0,Yes,2
456,Engineering,42,21,57331.0,3,4.0,Yes,3
457,IT,37,5,,1,,Yes,4
458,Finance,33,7,43320.0,2,1.0,Yes,1
459,Operations,44,23,175586.0,3,2.0,No,2
460,,15,7,47695.0,3,4.0,No,2
461,Engineering,26,5,60203.0,4,4.0,No,3
462,IT,53,10,136387.0,2,3.0,Yes,3
463,Engineering,29,8,173385.0,1,1.0,Yes,2
464,HR,24,3,135414.0,4,2.0,Yes,4
465,Procurement,24,3,149935.0,2,3.0,Yes,3
466,Operations,42,17,60417.0,5,3.0,Yes,3
467,Engineering,25,4,98506.0,5,1.0,No,2
468,IT,51,18,121447.0,3,1.0,No,2
469,IT,45,12,116439.0,5,3.0,Yes,4
470,,45,24,91228.0,5,2.0,Yes,3
471,IT,48,1,101078.0,5,3.0,Yes,4
472,Finance,22,1,120612.0,1,2.0,Yes,2
473,Operations,53,3,77322.0,3,1.0,Yes,2
474,HR,55,26,137646.0,4,1.0,Yes,4
475,Engineering,30,9,59616.0,5,5.0,Yes,4
476,Operations,30,9,116461.0,3,3.0,No,2
477,Admin,42,20,158687.0,3,2.0,Yes,3
478,HR,30,6,80739.0,1,2.0,No,1
479,Operations,42,21,71650.0,5,3.0,Yes,4
480,Operations,41,20,109470.0,1,1.0,Yes,1
481,Procurement,41,2,96366.0,3,2.0,Yes,2
482,Admin,37,16,143873.0,5,1.0,No,3
483,Finance,33,1,146008.0,4,5.0,Yes,5
484,IT,51,6,76645.0,1,1.0,Yes,1
485,Procurement,36,8,91939.0,4,3.0,Yes,4
486,,38,4,45714.0,1,2.0,No,1
487,Procurement,30,5,126913.0,1,1.0,No,1
488,IT,32,11,143546.0,4,1.0,No,3
489,Admin,49,11,132784.0,2,2.0,No,1
490,Finance,50,9,49083.0,5,5.0,Yes,4
491,Admin,40,19,,5,4.0,Yes,5
492,IT,39,18,75975.0,4,2.0,Yes,3
493,Admin,56,1,140269.0,3,4.0,No,4
494,Finance,58,32,124306.0,4,3.0,Yes,5
495,IT,42,14,47681.0,3,1.0,No,1
496,Engineering,44,14,81844.0,1,2.0,Yes,1
497,Finance,56,3,97517.0,5,4.0,No,4
498,Procurement,33,11,102010.0,5,3.0,No,3
499,Engineering,23,2,77251.0,5,2.0,No,2
500,Engineering,41,11,168564.0,1,1.0,Yes,2
501,HR,36,1,178005.0,4,1.0,No,3
502,Engineering,34,8,-5000.0,2,3.0,Yes,3
503,IT,31,9,69077.0,5,,Yes,3
504,Finance,47,6,128227.0,3,3.0,Yes,4
505,HR,49,28,123173.0,2,5.0,No,3
506,HR,33,12,120431.0,3,2.0,Yes,3
507,Admin,22,1,48488.0,2,5.0,No,1
508,Procurement,36,6,170071.0,2,3.0,Yes,3
509,HR,44,20,84010.0,1,3.0,No,1
510,IT,38,13,105415.0,1,3.0,No,1
511,Procurement,28,0,52621.0,4,4.0,No,3
512,,48,27,139277.0,3,5.0,No,4
513,IT,52,14,82639.0,4,1.0,Yes,3
514,Finance,23,2,108453.0,1,1.0,No,1
515,HR,46,10,59661.0,5,1.0,No,1
516,Engineering,52,1,153068.0,2,5.0,No,3
517,HR,25,4,126794.0,2,2.0,No,1
518,Admin,57,34,109537.0,3,3.0,Yes,3
519,IT,25,4,168699.0,2,1.0,No,1
520,,49,5,117214.0,5,4.0,Yes,5
521,IT,23,2,84782.0,3,1.0,No,1
522,Procurement,29,8,144193.0,4,4.0,No,5
523,IT,56,24,88465.0,3,4.0,No,3
524,HR,50,2,109021.0,4,,No,4
525,HR,39,3,79617.0,1,,No,1
526,Procurement,56,26,99641.0,5,1.0,No,2
527,Procurement,55,26,164472.0,5,2.0,No,3
528,Finance,27,6,49103.0,5,5.0,Yes,4
529,IT,50,11,83821.0,2,2.0,Yes,1
530,IT,49,5,154135.0,2,2.0,No,1
531,Finance,26,5,141737.0,5,4.0,No,5
532,Procurement,39,18,160103.0,1,5.0,No,3
533,IT,48,9,78849.0,5,5.0,Yes,5
534,IT,58,6,114997.0,5,3.0,No,3
535,Finance,46,25,164006.0,1,2.0,No,1
536,Operations,31,10,50166.0,4,3.0,Yes,3
537,IT,52,17,137633.0,1,3.0,No,2
538,Finance,15,18,65747.0,2,2.0,No,1
539,Admin,50,20,110626.0,4,5.0,Yes,5
540,HR,50,13,,4,5.0,No,5
541,Procurement,25,4,81673.0,1,3.0,No,1
542,HR,55,1,85544.0,2,2.0,Yes,1
543,HR,24,3,53253.0,3,2.0,No,1
544,Finance,51,30,144056.0,1,1.0,Yes,2
545,Finance,53,28,86552.0,4,5.0,No,4
546,Finance,32,11,63695.0,3,1.0,No,1
547,,32,11,98025.0,2,2.0,No,1
548,Admin,48,27,45256.0,1,4.0,Yes,2
549,Admin,33,0,98659.0,3,5.0,No,3
550,Admin,39,18,138690.0,3,4.0,No,4
551,HR,51,19,176482.0,5,4.0,Yes,5
552,IT,54,23,114102.0,3,,No,1
553,,43,17,125232.0,3,3.0,No,3
554,HR,31,10,102993.0,1,5.0,No,2
555,Admin,42,8,46672.0,4,3.0,No,2
556,Operations,47,24,49258.0,5,5.0,Yes,4
557,Finance,36,15,164711.0,3,5.0,No,4
558,Procurement,32,11,87483.0,3,1.0,No,1
559,HR,38,17,87990.0,3,1.0,Yes,2
560, it ,36,15,150224.0,3,3.0,No,3
561,Engineering,40,19,70875.0,4,1.0,Yes,3
562,Operations,34,13,71409.0,4,5.0,No,4
563,Operations,25,4,76009.0,2,3.0,No,1
564,Engineering,51,9,122938.0,2,1.0,No,1
565,Finance,33,12,,1,4.0,No,1
566,HR,32,10,168339.0,1,2.0,No,1
567,Admin,49,25,152466.0,4,4.0,Yes,5
568,IT,56,12,137806.0,1,3.0,Yes,3
569,IT,22,1,99314.0,3,3.0,Yes,3
570,IT,46,25,120246.0,2,1.0,Yes,2
571,Finance,40,19,176390.0,5,5.0,No,5
572,Operations,30,9,168497.0,3,2.0,Yes,3
573,Procurement,47,1,99878.0,2,2.0,Yes,1
574,Admin,23,2,84298.0,1,3.0,Yes,2
575,Operations,38,17,52736.0,5,,Yes,2
576,Admin,23,2,70353.0,4,4.0,No,4
577,IT,57,16,164360.0,2,2.0,Yes,2
578,Finance,48,6,176395.0,3,5.0,Yes,5
579,Operations,28,7,,3,1.0,Yes,2
580,Operations,34,12,108942.0,5,2.0,No,2
581,Admin,48,18,82040.0,1,5.0,No,2
582,HR,52,21,101474.0,1,1.0,Yes,1
583,IT,58,31,79097.0,1,5.0,Yes,3
584,Admin,28,7,100597.0,4,3.0,No,3
585,Operations,25,4,85797.0,1,3.0,No,1
586,Procurement,42,21,70382.0,1,1.0,Yes,1
587,Procurement,30,9,126156.0,3,4.0,No,4
588,Admin,27,6,,2,1.0,No,1
589,Operations,51,17,141113.0,4,4.0,Yes,5
590,IT,30,3,-5000.0,1,4.0,No,2
591,Procurement,58,28,87516.0,5,4.0,No,4
592,human resources,23,2,166636.0,4,1.0,No,3
593, it ,24,3,108580.0,3,1.0,Yes,2
594,Admin,43,22,177128.0,5,1.0,No,3
595,Admin,37,16,130636.0,4,2.0,Yes,4
596,IT,32,11,163021.0,4,2.0,Yes,4
597,Procurement,53,20,103148.0,3,3.0,Yes,3
598,Engineering,36,15,,4,2.0,Yes,4
599,Operations,50,28,63073.0,4,4.0,No,3
600,IT,53,1,66907.0,4,4.0,Yes,4
601,Engineering,57,0,63827.0,5,5.0,No,3
602,Engineering,57,13,159592.0,3,3.0,Yes,4
603,Procurement,36,15,127024.0,5,5.0,No,5
604,Admin,45,24,69890.0,1,2.0,Yes,1
605,Finance,44,18,176835.0,3,1.0,Yes,3
606,HR,53,8,147272.0,1,3.0,Yes,3
607,HR,29,8,96515.0,4,2.0,No,2
608,IT,48,2,72301.0,4,4.0,Yes,5
609,Operations,22,1,52732.0,5,4.0,No,3
610,Engineering,33,11,73654.0,1,4.0,No,2
611,Engineering,46,25,105074.0,3,4.0,No,3
612,Finance,50,8,76223.0,4,5.0,No,4
613,Procurement,57,20,96975.0,2,2.0,No,1
614,Admin,44,8,86612.0,5,5.0,No,4
615,Admin,29,8,-5000.0,5,5.0,No,5
616,Admin,56,18,150726.0,1,5.0,Yes,4
617,IT,46,9,53910.0,1,2.0,No,1
618,Procurement,32,11,105683.0,2,,No,1
619,HR,15,2,134026.0,4,1.0,Yes,4
620,Admin,57,24,102284.0,5,,Yes,4
621,Operations,46,25,121960.0,5,1.0,Yes,4
622, HR ,38,12,156146.0,2,3.0,Yes,3
623,Procurement,15,13,,2,1.0,Yes,2
624,HR,54,7,138880.0,1,4.0,No,3
625,Engineering,38,8,82186.0,5,3.0,Yes,4
626,Finance,51,9,50470.0,2,3.0,Yes,1
627,Procurement,41,20,133869.0,1,3.0,Yes,3
628,HR,55,4,172419.0,2,4.0,No,3
629,IT,44,14,95929.0,3,3.0,No,2
630,Finance,35,14,164480.0,5,1.0,Yes,4
631,Admin,44,23,103005.0,5,5.0,Yes,5
632,IT,42,21,69720.0,4,3.0,No,2
633,IT,55,23,,5,4.0,No,5
634,IT,40,12,123968.0,5,1.0,Yes,4
635,HR,56,34,41921.0,1,2.0,Yes,1
636,Procurement,49,6,93891.0,5,4.0,Yes,5
637,Admin,31,1,160383.0,3,1.0,Yes,3
638,IT,25,4,106036.0,5,1.0,Yes,3
639,Finance,48,24,158259.0,4,4.0,No,5
640,IT,46,7,41546.0,5,1.0,Yes,2
641,Admin,26,5,171815.0,1,3.0,No,2
642,Engineering,27,6,154734.0,4,4.0,Yes,5
643,Operations,32,11,97636.0,2,4.0,No,2
644,Admin,31,10,137813.0,1,5.0,Yes,4
645,IT,24,0,143306.0,5,5.0,Yes,5
646,Finance,35,14,95505.0,4,5.0,Yes,5
647,HR,33,12,106254.0,2,1.0,Yes,1
648,Admin,58,3,160917.0,5,1.0,No,3
649,Admin,26,5,65743.0,2,5.0,No,1
650,Finance,44,8,101481.0,1,3.0,Yes,2
651,HR,42,21,158134.0,3,5.0,No,4
652,Admin,31,10,122924.0,4,2.0,Yes,4
653,Finance,37,14,154327.0,3,3.0,Yes,4
654,Admin,43,22,161332.0,4,3.0,No,4
655,Operations,57,6,86077.0,5,1.0,No,2
656,Procurement,30,9,91493.0,3,1.0,Yes,2
657,IT,54,1,,5,2.0,Yes,4
658,Engineering,38,17,163759.0,2,3.0,No,2
659,HR,40,8,161818.0,5,5.0,Yes,5
660,Operations,45,24,42776.0,2,5.0,Yes,2
661,Procurement,54,8,156974.0,2,2.0,Yes,2
662,Admin,52,22,50595.0,2,4.0,Yes,2
663,,38,17,101346.0,1,2.0,No,1
664,Operations,52,29,52173.0,1,3.0,Yes,1
665,Admin,55,17,109026.0,5,5.0,Yes,5
666,Operations,46,23,60404.0,5,3.0,No,2
667,HR,55,25,132510.0,3,4.0,No,4
668,Engineering,22,1,76429.0,4,2.0,Yes,3
669,IT,54,17,95447.0,2,2.0,Yes,1
670,Finance,29,8,148688.0,3,1.0,No,2
671,Admin,52,30,95234.0,5,2.0,No,2
672,IT,37,2,73524.0,5,5.0,Yes,5
673,HR,54,2,78499.0,1,2.0,No,1
674,HR,55,25,44881.0,3,1.0,Yes,1
675,Operations,52,30,84713.0,2,4.0,Yes,3
676,Procurement,33,12,109342.0,2,3.0,No,1
677,Engineering,26,5,139145.0,4,2.0,Yes,4
678,IT,34,13,172214.0,4,2.0,Yes,4
679,HR,52,2,179311.0,5,1.0,Yes,4
680,Operations,30,9,40314.0,4,5.0,No,3
681,Finance,24,3,152448.0,2,4.0,No,3
682,,58,6,151539.0,2,3.0,No,2
683,Procurement,36,5,,5,,No,4
684,Finance,34,0,41864.0,5,5.0,Yes,4
685,Engineering,22,1,93849.0,3,4.0,No,3
686,IT,31,10,106488.0,3,5.0,No,3
687, HR ,45,17,144190.0,2,4.0,No,3
688,HR,45,24,166814.0,3,,No,3
689,Procurement,47,8,71217.0,2,4.0,Yes,3
690,IT,35,14,145004.0,3,5.0,Yes,5
691,HR,46,0,63878.0,2,4.0,No,1
692,IT,26,5,98135.0,3,1.0,Yes,2
693,Admin,46,25,176578.0,3,5.0,Yes,5
694,Procurement,33,12,155073.0,1,,No,1
695,HR,24,3,,2,5.0,Yes,4
696,Admin,24,3,102719.0,1,2.0,Yes,1
697,Finance,47,22,143584.0,4,5.0,Yes,5
698,Engineering,22,1,63636.0,5,3.0,No,2
699,Finance,39,14,90993.0,4,4.0,Yes,5
700,Finance,33,12,172707.0,1,5.0,Yes,4
701,Engineering,40,19,70673.0,5,3.0,No,3
702,Admin,50,24,166780.0,2,3.0,No,2
703,Admin,51,1,166345.0,1,3.0,Yes,3
704,Operations,36,14,122766.0,4,3.0,Yes,5
705,Admin,38,15,115311.0,1,4.0,No,2
706,IT,57,11,,3,3.0,Yes,4
707,Engineering,39,11,89851.0,4,2.0,Yes,3
708,Admin,37,16,94205.0,2,2.0,Yes,1
709,Procurement,44,9,67967.0,1,1.0,No,1
710,Engineering,22,1,51079.0,4,3.0,No,2
711,Operations,58,17,168661.0,2,5.0,No,3
712,Operations,36,8,54194.0,5,4.0,No,3
713,Engineering,24,3,131039.0,4,2.0,No,3
714,IT,55,29,122746.0,1,1.0,Yes,2
715,Operations,28,7,134791.0,5,3.0,Yes,5
716,Engineering,38,15,110623.0,4,5.0,No,4
717,Finance,33,12,151134.0,2,4.0,No,3
718,Finance,47,17,158155.0,2,5.0,Yes,4
719,Engineering,36,6,110765.0,2,5.0,No,2
720,Procurement,46,12,78232.0,2,4.0,Yes,3
721,HR,48,27,75250.0,5,5.0,No,4
722,Procurement,53,19,105791.0,5,5.0,Yes,5
723,,28,7,55738.0,2,3.0,No,1
724,Procurement,28,7,127728.0,3,3.0,No,3
725,Engineering,57,16,130214.0,1,4.0,Yes,4
726,Finance,34,13,85754.0,3,3.0,No,2
727,Admin,54,31,157160.0,1,4.0,No,3
728,Operations,31,10,128444.0,4,5.0,No,5
729,Procurement,26,5,82467.0,3,2.0,No,1
730,Finance,40,17,143666.0,3,4.0,No,4
731,Admin,55,28,148524.0,2,2.0,Yes,2
732,HR,37,16,60988.0,2,2.0,No,1
733,IT,28,4,164042.0,5,1.0,Yes,4
734,Procurement,47,26,61823.0,1,,Yes,1
735,IT,46,19,100124.0,2,3.0,No,1
736,Admin,30,8,178082.0,2,1.0,Yes,2
737,Admin,44,20,164821.0,4,5.0,No,5
738,Engineering,50,8,86409.0,5,5.0,No,4
739,Admin,58,27,177221.0,5,3.0,No,4
740,Operations,56,14,63476.0,4,3.0,No,2
741,Operations,38,9,119579.0,1,1.0,Yes,1
742,Finance,40,19,42180.0,4,4.0,No,3
743,IT,49,18,100611.0,1,5.0,No,2
744,HR,48,27,154584.0,4,2.0,Yes,4
745,Admin,46,24,97826.0,3,1.0,No,1
746,Admin,37,16,111267.0,3,5.0,No,3
747,Operations,34,4,,2,3.0,Yes,2
748,Admin,51,28,111338.0,5,4.0,Yes,5
749,Finance,23,2,53010.0,5,1.0,Yes,2
750,IT,40,17,,4,1.0,Yes,3
751,IT,31,0,169388.0,2,3.0,No,2
752,Finance,53,23,161552.0,1,3.0,Yes,3
753,Procurement,31,3,109862.0,4,1.0,No,2
754,HR,34,13,140028.0,1,1.0,Yes,2
755,Operations,50,15,48784.0,2,4.0,Yes,2
756,Engineering,35,14,142006.0,3,3.0,Yes,4
757,,24,3,176557.0,1,3.0,No,2
758,Admin,41,12,134483.0,1,2.0,Yes,2
759,HR,49,20,43949.0,2,3.0,Yes,1
760,Operations,37,0,51008.0,5,4.0,Yes,4
761,Finance,27,6,81339.0,4,1.0,No,2
762,Procurement,25,3,133196.0,2,5.0,Yes,4
763,HR,53,14,123031.0,5,3.0,No,4
764,Admin,34,1,139029.0,3,2.0,No,2
765,IT,53,28,117257.0,5,4.0,Yes,5
766,Engineering,33,12,131138.0,3,4.0,No,4
767,Procurement,57,10,58055.0,5,2.0,No,1
768,Finance,38,17,136236.0,4,1.0,No,3
769,Admin,33,1,135440.0,5,2.0,No,3
770, HR ,26,5,141578.0,2,5.0,No,3
771,Procurement,57,9,114220.0,3,4.0,No,3
772,IT,28,7,57479.0,1,2.0,Yes,1
773,,24,3,68063.0,4,2.0,Yes,2
774,IT,58,24,168426.0,5,5.0,No,5
775,IT,45,14,58579.0,1,2.0,No,1
776,Procurement,27,6,55912.0,3,5.0,No,2
777,Procurement,45,3,109681.0,5,1.0,Yes,3
778,Procurement,41,4,96596.0,5,1.0,Yes,3
779,Admin,36,15,141012.0,2,2.0,Yes,2
780,Engineering,33,12,148838.0,1,5.0,No,3
781,Admin,51,27,67289.0,2,2.0,No,1
782, it ,43,10,179958.0,5,4.0,No,5
783,Finance,57,20,137444.0,4,4.0,No,5
784,Engineering,37,16,96079.0,4,5.0,No,4
785,Finance,50,28,144094.0,1,1.0,No,1
786,Engineering,23,2,,3,1.0,No,1
787,,35,14,45688.0,3,5.0,Yes,3
788,IT,24,3,133233.0,2,2.0,No,1
789,Finance,37,14,107172.0,3,1.0,No,1
790,Engineering,35,4,125116.0,4,2.0,No,3
791,Procurement,58,6,118746.0,1,5.0,No,2
792,IT,25,4,131207.0,4,4.0,Yes,5
793,Procurement,36,0,140266.0,1,3.0,Yes,3
794,Finance,56,9,125676.0,5,2.0,Yes,4
795,IT,47,26,172311.0,1,2.0,No,1
796,Finance,47,9,74652.0,3,1.0,No,1
797,Engineering,25,4,144645.0,3,1.0,No,2
798,Engineering,49,8,75355.0,4,5.0,Yes,5
799,Operations,47,12,177428.0,2,2.0,Yes,2
800,Finance,49,20,63486.0,1,4.0,No,1
801,Finance,44,12,,3,5.0,Yes,5
802,Procurement,41,10,131676.0,5,4.0,Yes,5
803,Operations,24,3,92346.0,3,2.0,Yes,2
804,IT,25,4,78712.0,3,1.0,No,1
805,Admin,29,8,157980.0,4,1.0,No,3
806,HR,56,13,93425.0,5,5.0,No,4
807,Engineering,52,9,44820.0,4,5.0,Yes,4
808,Finance,32,3,114452.0,2,5.0,No,2
809,IT,51,0,57458.0,4,3.0,No,2
810,Procurement,28,1,116675.0,4,2.0,No,2
811,Engineering,28,7,167051.0,5,5.0,Yes,5
812,HR,34,13,160058.0,5,1.0,Yes,4
813,HR,55,19,127443.0,4,4.0,Yes,5
814,IT,44,22,133160.0,3,2.0,No,2
815,Procurement,25,4,141494.0,1,5.0,No,3
816,HR,31,10,142982.0,2,1.0,No,1
817,Engineering,36,15,103009.0,5,2.0,No,2
818,Finance,43,22,74543.0,2,2.0,Yes,1
819,Procurement,30,9,,2,4.0,Yes,4
820,Admin,58,10,123229.0,1,5.0,Yes,4
821,HR,42,9,47728.0,3,4.0,No,2
822,Finance,50,17,79834.0,2,1.0,Yes,1
823,HR,23,2,100532.0,5,2.0,Yes,3
824,Admin,23,2,60834.0,4,2.0,No,1
825,Admin,45,11,141570.0,4,4.0,Yes,5
826,HR,34,13,48448.0,4,1.0,No,1
827,Operations,36,12,93624.0,1,2.0,No,1
828,Procurement,53,20,159942.0,2,4.0,No,3
829,Procurement,24,3,122024.0,4,5.0,Yes,5
830,Engineering,28,7,159773.0,1,2.0,No,1
831,Admin,24,3,141554.0,5,1.0,Yes,4
832,Finance,50,25,119837.0,3,4.0,Yes,4
833,Operations,40,3,175520.0,2,4.0,No,3
834,IT,54,7,87125.0,5,5.0,Yes,5
835,Operations,48,20,158197.0,1,2.0,No,1
836,Engineering,34,13,63640.0,3,3.0,Yes,2
837,Admin,29,5,69927.0,4,3.0,Yes,3
838,Engineering,46,25,81916.0,4,5.0,No,4
839, it ,32,11,79345.0,2,2.0,Yes,1
840,Procurement,25,4,120756.0,3,4.0,No,4
841,Admin,33,7,74490.0,2,1.0,No,1
842,IT,51,30,170716.0,5,1.0,No,3
843,HR,35,14,158944.0,4,4.0,Yes,5
844,Engineering,22,1,112905.0,5,5.0,Yes,5
845,IT,33,9,54434.0,3,1.0,Yes,1
846,Procurement,24,3,126798.0,1,1.0,Yes,2
847,Operations,33,10,114548.0,5,5.0,Yes,5
848,Operations,45,2,64412.0,3,3.0,No,1
849,human resources,26,5,57019.0,3,4.0,Yes,3
850,IT,39,18,178163.0,4,5.0,Yes,5
851,Admin,35,3,68652.0,5,5.0,Yes,4
852,human resources,40,19,122965.0,3,5.0,No,4
853,HR,58,31,176237.0,4,4.0,Yes,5
854,Engineering,36,15,90739.0,1,1.0,Yes,1
855,Operations,29,8,-5000.0,4,1.0,No,3
856,Finance,57,13,42961.0,2,3.0,No,1
857,Procurement,26,5,118717.0,5,5.0,No,4
858,Procurement,22,1,127368.0,3,4.0,Yes,5
859,Procurement,33,12,126642.0,3,4.0,No,4
860,Procurement,24,3,166221.0,2,4.0,No,3
861,Operations,48,3,176596.0,3,5.0,No,4
862,Engineering,56,1,,5,3.0,No,3
863,IT,31,10,48171.0,3,4.0,Yes,3
864,Engineering,46,11,70630.0,3,3.0,Yes,3
865,Finance,48,5,170299.0,2,3.0,No,2
866,Procurement,41,13,177651.0,3,2.0,Yes,3
867,Finance,24,3,64275.0,4,5.0,Yes,4
868,Procurement,52,31,80390.0,2,3.0,No,1
869,human resources,55,19,125809.0,2,1.0,Yes,2
870,HR,24,3,141603.0,5,,Yes,4
871,Finance,24,3,127369.0,4,1.0,Yes,4
872,Engineering,41,1,121826.0,2,3.0,Yes,3
873,HR,40,17,179532.0,3,4.0,Yes,5
874,Finance,31,10,111732.0,1,1.0,Yes,1
875,HR,56,22,123488.0,3,,No,2
876,Engineering,37,10,58675.0,3,5.0,No,2
877,Engineering,50,3,74098.0,1,4.0,Yes,3
878,IT,46,3,62575.0,4,4.0,Yes,4
879,Admin,50,22,121904.0,3,2.0,Yes,3
880,Procurement,51,8,64357.0,4,1.0,No,1
881,Finance,51,30,100737.0,2,2.0,No,1
882,Finance,47,11,126593.0,3,4.0,No,4
883,IT,26,5,69592.0,3,4.0,No,2
884,Procurement,32,11,131387.0,5,5.0,Yes,5
885,Engineering,28,7,68044.0,3,5.0,Yes,3
886,Procurement,41,20,160841.0,4,5.0,No,5
887,HR,37,16,81686.0,4,4.0,Yes,5
888,Finance,35,14,154125.0,5,3.0,Yes,5
889,HR,26,5,69969.0,5,5.0,No,3
890,Finance,57,6,156710.0,2,3.0,No,2
891,IT,28,7,125828.0,4,1.0,Yes,4
892,HR,30,0,78463.0,2,4.0,No,2
893,Operations,58,28,91292.0,2,3.0,No,1
894,Engineering,41,20,130246.0,1,5.0,Yes,4
895,Engineering,54,25,73437.0,3,1.0,No,1
896,Engineering,25,0,134173.0,1,,Yes,3
897,HR,49,25,123395.0,4,4.0,No,5
898,Operations,56,13,85458.0,4,2.0,Yes,3
899,Engineering,46,23,149375.0,2,3.0,Yes,3
900,HR,22,1,44117.0,2,4.0,No,1
901,HR,27,6,149014.0,4,5.0,No,5
902,Engineering,33,12,173540.0,4,5.0,No,5
903,Operations,44,14,88704.0,4,5.0,Yes,5
904,Engineering,53,15,171525.0,3,4.0,No,4
905,IT,24,3,136620.0,1,5.0,No,3
906,Admin,27,6,177994.0,3,4.0,Yes,5
907,human resources,27,6,163850.0,1,5.0,No,3
908,Engineering,25,4,42826.0,4,4.0,No,3
909,Engineering,43,22,132514.0,3,3.0,Yes,4
910,human resources,41,16,56100.0,4,5.0,Yes,4
911,Engineering,25,4,47156.0,3,4.0,Yes,3
912,HR,54,4,112836.0,3,2.0,No,1
913,Finance,38,0,69242.0,5,2.0,Yes,2
914,Admin,50,23,85979.0,3,2.0,No,1
915,HR,55,2,129875.0,1,2.0,Yes,2
916,Procurement,53,26,140444.0,2,4.0,Yes,4
917,HR,58,22,54241.0,3,1.0,Yes,1
918,,51,25,164841.0,3,4.0,Yes,5
919,Operations,46,25,108845.0,2,5.0,No,2
920,IT,40,19,140140.0,3,5.0,Yes,5
921,IT,56,22,153190.0,5,3.0,No,4
922,Finance,39,6,,5,4.0,No,4
923,Procurement,37,12,176302.0,3,2.0,No,2
924,Engineering,22,0,57813.0,1,4.0,Yes,2
925,Engineering,28,7,132147.0,2,3.0,No,2
926,HR,24,1,64101.0,1,5.0,Yes,2
927,Engineering,29,7,62645.0,5,2.0,No,1
928,Admin,58,11,69057.0,2,3.0,No,1
929,Operations,26,5,,4,3.0,No,3
930,HR,26,5,56354.0,4,4.0,No,3
931,IT,38,16,86643.0,4,,No,2
932,HR,47,11,168989.0,1,2.0,No,1
933,HR,28,7,107894.0,1,1.0,Yes,1
934,IT,58,16,156885.0,1,4.0,Yes,4
935,Admin,22,1,142362.0,3,2.0,No,2
936,Operations,58,0,175104.0,4,4.0,No,5
937,Operations,26,5,99204.0,1,4.0,No,2
938,IT,58,34,134088.0,3,3.0,No,3
939,IT,27,6,129145.0,1,4.0,No,3
940,Admin,34,11,50310.0,4,2.0,No,1
941,Admin,46,6,134178.0,4,1.0,No,3
942,Admin,34,8,49358.0,2,1.0,Yes,1
943,,46,4,120669.0,4,5.0,No,5
944,IT,24,3,54694.0,3,1.0,No,1
945,IT,35,14,,5,2.0,Yes,4
946,IT,24,3,168160.0,1,4.0,Yes,4
947, it ,30,0,85154.0,1,3.0,Yes,2
948,Operations,32,4,67874.0,1,4.0,Yes,2
949,IT,34,13,128432.0,4,3.0,Yes,5
950,Admin,15,34,76000.0,3,2.0,Yes,2
951,,33,12,56573.0,1,3.0,Yes,1
952,Procurement,48,10,136974.0,5,2.0,No,3
953,HR,24,3,66205.0,5,4.0,Yes,4
954,,53,5,41664.0,1,2.0,Yes,1
955,Admin,40,19,164783.0,2,2.0,Yes,2
956,Admin,39,18,158074.0,4,2.0,Yes,4
957,Engineering,24,3,171042.0,5,1.0,No,3
958,Finance,48,0,101771.0,2,1.0,Yes,1
959,Engineering,45,24,,2,4.0,Yes,4
960,Finance,25,4,69538.0,2,4.0,No,1
961,HR,32,2,54163.0,3,3.0,Yes,2
962,Operations,38,17,158789.0,1,1.0,Yes,2
963,Engineering,33,10,47619.0,4,5.0,Yes,4
964,IT,37,16,125451.0,4,2.0,No,3
965,HR,29,8,99711.0,1,2.0,No,1
966,Procurement,34,13,97845.0,1,4.0,No,2
967,,49,9,96666.0,5,,Yes,5
968,Operations,45,8,-5000.0,2,3.0,No,2
969,HR,43,8,48413.0,5,1.0,No,1
970,HR,29,8,160213.0,4,2.0,No,3
971,,40,10,84547.0,5,5.0,Yes,5
972,IT,48,27,168244.0,2,5.0,No,3
973, HR ,51,17,43802.0,4,2.0,Yes,2
974,Finance,49,14,79051.0,5,1.0,No,2
975,IT,24,3,172177.0,1,4.0,No,3
976,Operations,28,7,169836.0,2,1.0,Yes,2
977,Admin,48,13,74789.0,3,3.0,Yes,3
978,Admin,27,1,165772.0,3,2.0,No,2
979,Procurement,58,1,159233.0,4,2.0,No,3
980,HR,45,24,40357.0,1,4.0,No,1
981,Engineering,24,3,151647.0,3,,Yes,5
982,Procurement,27,6,54368.0,5,3.0,Yes,3
983,IT,46,23,161989.0,5,1.0,No,3
984,Finance,33,12,57565.0,5,2.0,Yes,2
985,Finance,37,16,69768.0,4,5.0,Yes,4
986,Procurement,36,15,132461.0,3,5.0,No,4
987,Finance,25,4,137730.0,3,4.0,No,4
988,Engineering,55,7,163250.0,5,5.0,No,5
989,Operations,45,4,89375.0,4,1.0,Yes,3
990,Operations,33,12,60171.0,1,2.0,No,1
991,IT,31,10,79452.0,2,5.0,Yes,3
992,Finance,48,27,74610.0,4,3.0,No,3
993,,23,2,89561.0,1,1.0,Yes,1
994,,55,21,147922.0,5,3.0,No,4
995,Operations,55,34,156721.0,4,3.0,Yes,5
996,Procurement,41,10,108159.0,2,4.0,No,2
997,Finance,25,4,132568.0,3,4.0,Yes,5
998,Engineering,32,11,114775.0,2,2.0,Yes,1
999,,37,7,50787.0,3,5.0,Yes,3
1000,,38,17,88364.0,2,,Yes,3
508,Procurement,36,6,170071.0,2,3.0,Yes,3
819,Procurement,30,9,,2,4.0,Yes,4
453,Finance,35,2,,4,5.0,No,3
369,IT,45,24,160323.0,5,2.0,Yes,4
243, it ,54,15,77637.0,3,4.0,Yes,4
930,HR,26,5,56354.0,4,4.0,No,3
263,IT,33,12,175723.0,4,5.0,Yes,5
811,Engineering,28,7,-5000.0,5,5.0,Yes,5
319,Admin,33,0,128371.0,3,5.0,Yes,5
50,Admin,43,13,109201.0,5,4.0,No,4
447,HR,39,5,105055.0,5,5.0,No,4
143,Admin,15,10,,2,5.0,No,1
969,HR,43,8,48413.0,5,1.0,No,1
346,Engineering,33,12,169924.0,1,3.0,No,2
972,IT,48,27,168244.0,2,5.0,No,3
134,Admin,32,11,43584.0,5,4.0,Yes,4
105,Finance,45,24,179177.0,3,4.0,No,4
7,Procurement,44,16,51390.0,4,5.0,Yes,4
601,Engineering,57,0,63827.0,5,5.0,No,3
497,Finance,56,3,97517.0,5,4.0,No,4
703,Admin,51,1,166345.0,1,3.0,Yes,3
473,Operations,53,3,77322.0,3,1.0,Yes,2
599,Operations,50,28,63073.0,4,4.0,No,3
503,IT,31,9,69077.0,5,,Yes,3
434,HR,49,13,169686.0,3,3.0,No,3
120,IT,36,15,,4,1.0,Yes,3
109,Procurement,34,13,99633.0,3,2.0,No,1
648,Admin,58,3,160917.0,5,1.0,No,3
590,IT,30,3,81784.0,1,4.0,No,2
375,Engineering,31,10,60168.0,3,2.0,Yes,1
